method,method_name,count,percentage,attitudes,net_support_rate,directional_count,sample_status
CASH_WAIT,现金等待,190,4.962131104727082,"{""SELF_PRACTICE"": 163, ""SUPPORT"": 25, ""MENTION"": 1, ""UNKNOWN"": 1}",1.0,25,SUFFICIENT
TREND,趋势交易,133,3.473491773308958,"{""SUPPORT"": 19, ""SELF_PRACTICE"": 82, ""OPPOSE"": 13, ""MENTION"": 18, ""QUESTION"": 1}",0.1875,32,SUFFICIENT
SWING_T,波段/做T,92,2.4027161138678506,"{""SELF_PRACTICE"": 75, ""MENTION"": 6, ""OPPOSE"": 4, ""SUPPORT"": 5, ""UNKNOWN"": 1, ""QUESTION"": 1}",0.1111111111111111,9,INSUFFICIENT
POSITION_RISK,仓位风控,87,2.272133716375033,"{""SELF_PRACTICE"": 58, ""SUPPORT"": 21, ""MENTION"": 5, ""QUESTION"": 2, ""OPPOSE"": 1}",0.9090909090909091,22,SUFFICIENT
CYCLE_DIP,周期低吸,66,1.7236876469051972,"{""SELF_PRACTICE"": 49, ""SUPPORT"": 11, ""MENTION"": 2, ""UNKNOWN"": 1, ""OPPOSE"": 2, ""QUESTION"": 1}",0.6923076923076923,13,SUFFICIENT
EXIT,退出交易,66,1.7236876469051972,"{""SELF_PRACTICE"": 43, ""SUPPORT"": 20, ""MENTION"": 1, ""OPPOSE"": 2}",0.8181818181818182,22,SUFFICIENT
OTHER,其他,54,1.4102898929224341,"{""SUPPORT"": 13, ""SELF_PRACTICE"": 28, ""QUESTION"": 1, ""MENTION"": 8, ""OPPOSE"": 4}",0.5294117647058824,17,SUFFICIENT
VALUE,价值投资,41,1.0707756594411073,"{""SELF_PRACTICE"": 25, ""SUPPORT"": 15, ""QUESTION"": 1}",1.0,15,SUFFICIENT
INDEX_DCA,指数定投,31,0.8096108644554714,"{""SELF_PRACTICE"": 19, ""SUPPORT"": 12}",1.0,12,SUFFICIENT
HIGH_DIVIDEND,高股息,16,0.4178636719770175,"{""SUPPORT"": 5, ""SELF_PRACTICE"": 11}",1.0,5,INSUFFICIENT
SECTOR_ROTATION,行业轮动,12,0.31339775398276315,"{""SELF_PRACTICE"": 10, ""MENTION"": 1, ""SUPPORT"": 1}",1.0,1,INSUFFICIENT
ASSET_ALLOCATION,资产配置,10,0.26116479498563594,"{""SELF_PRACTICE"": 7, ""SUPPORT"": 3}",1.0,3,INSUFFICIENT
GRID,网格交易,3,0.07834943849569079,"{""SELF_PRACTICE"": 3}",,0,INSUFFICIENT
TECH_GROWTH,科技成长,3,0.07834943849569079,"{""SELF_PRACTICE"": 3}",,0,INSUFFICIENT
