entity,mentions,explicit_recommendation_count,context_recommendation_count,recommendation_count,self_position_count,self_position_buy_count,hold_count,watch_count,avoid_count,sell_count,unique_text_mentions,near_duplicate_cluster_mentions,video_count,video_total,bullish_index,directional_count,bull_ratio,disagreement,engagement_adjusted_bull_ratio,engagement_observed_comments,video_balanced_score,stances,actions,speech_acts,reason_counts
"{""entity_id"": ""INDEX:纳斯达克100"", ""name"": ""纳斯达克100"", ""category"": ""INDEX"", ""ticker"": null, ""ts_code"": null, ""layer"": ""CONCEPT""}",30,13,0,13,11,9,2,0,0,1,22,22,3,3,2.3514,21,0.9523809523809523,0.09523809523809523,0.9540222320060502,30,0.005975773447726414,"{""BULLISH"": 20, ""UNKNOWN"": 9, ""BEARISH"": 1}","{""HOLD"": 2, ""BUY"": 21, ""NONE"": 6, ""SELL"": 1}","{""SELF_POSITION"": 11, ""RECOMMENDATION"": 13, ""OBSERVATION"": 2, ""QUESTION"": 1}","[{""reason_code"": ""OTHER"", ""stance"": ""BULLISH"", ""mentions"": 5}]"
"{""entity_id"": ""ASSET:美股市场"", ""name"": ""美股市场"", ""category"": ""ASSET"", ""ticker"": null, ""ts_code"": null, ""layer"": ""CONCEPT""}",42,6,0,6,1,1,0,0,0,0,41,41,3,3,0.6931,7,0.7142857142857143,0.5714285714285714,0.7155340364521934,42,0.013534804647662562,"{""UNKNOWN"": 35, ""BULLISH"": 5, ""BEARISH"": 2}","{""NONE"": 31, ""BUY"": 7, ""UNKNOWN"": 4}","{""QUESTION"": 9, ""RECOMMENDATION"": 6, ""OBSERVATION"": 19, ""SELF_POSITION"": 1, ""FORECAST"": 7}","[{""reason_code"": ""OTHER"", ""stance"": ""UNKNOWN"", ""mentions"": 7}, {""reason_code"": ""EARNINGS_GROWTH"", ""stance"": ""UNKNOWN"", ""mentions"": 1}, {""reason_code"": ""OTHER"", ""stance"": ""BULLISH"", ""mentions"": 1}, {""reason_code"": ""RATE_HIKE"", ""stance"": ""BEARISH"", ""mentions"": 1}, {""reason_code"": ""STRONG_DOLLAR"", ""stance"": ""UNKNOWN"", ""mentions"": 1}, {""reason_code"": ""VALUATION_LOW"", ""stance"": ""UNKNOWN"", ""mentions"": 1}, {""reason_code"": ""WEAK_DOLLAR"", ""stance"": ""UNKNOWN"", ""mentions"": 1}]"
"{""entity_id"": ""CONCEPT:个股"", ""name"": ""个股"", ""category"": ""ASSET"", ""ticker"": null, ""ts_code"": null, ""layer"": ""CONCEPT""}",62,5,0,5,6,4,0,0,2,0,60,60,3,3,0.6931,7,0.7142857142857143,0.5714285714285714,0.7274609141916306,62,0.016510906864215764,"{""BULLISH"": 5, ""UNKNOWN"": 55, ""BEARISH"": 2}","{""NONE"": 41, ""BUY"": 9, ""AVOID"": 2, ""UNKNOWN"": 10}","{""OBSERVATION"": 42, ""QUESTION"": 5, ""RECOMMENDATION"": 7, ""SELF_POSITION"": 6, ""HISTORY"": 2}","[{""reason_code"": ""OTHER"", ""stance"": ""UNKNOWN"", ""mentions"": 16}, {""reason_code"": ""EARNINGS_GROWTH"", ""stance"": ""UNKNOWN"", ""mentions"": 2}, {""reason_code"": ""OTHER"", ""stance"": ""BEARISH"", ""mentions"": 2}, {""reason_code"": ""OTHER"", ""stance"": ""BULLISH"", ""mentions"": 2}, {""reason_code"": ""VALUATION_LOW"", ""stance"": ""BULLISH"", ""mentions"": 2}, {""reason_code"": ""VALUATION_LOW"", ""stance"": ""UNKNOWN"", ""mentions"": 2}, {""reason_code"": ""TECHNICAL_BREAKOUT"", ""stance"": ""BULLISH"", ""mentions"": 1}, {""reason_code"": ""TECHNICAL_BREAKOUT"", ""stance"": ""UNKNOWN"", ""mentions"": 1}, {""reason_code"": ""VALUATION_HIGH"", ""stance"": ""UNKNOWN"", ""mentions"": 1}]"
"{""entity_id"": ""ASSET:黄金"", ""name"": ""黄金"", ""category"": ""ASSET"", ""ticker"": null, ""ts_code"": null, ""layer"": ""CONCEPT""}",100,3,0,3,8,1,3,0,0,0,100,100,3,3,'-0.7802,33,0.30303030303030304,0.6060606060606061,0.28510091851038594,100,0.036750124308497494,"{""UNKNOWN"": 67, ""BEARISH"": 23, ""BULLISH"": 10}","{""NONE"": 69, ""HOLD"": 3, ""BUY"": 4, ""UNKNOWN"": 24}","{""FORECAST"": 24, ""OBSERVATION"": 32, ""QUESTION"": 32, ""SELF_POSITION"": 8, ""RECOMMENDATION"": 3, ""HISTORY"": 1}","[{""reason_code"": ""OTHER"", ""stance"": ""UNKNOWN"", ""mentions"": 13}, {""reason_code"": ""STRONG_DOLLAR"", ""stance"": ""UNKNOWN"", ""mentions"": 8}, {""reason_code"": ""OTHER"", ""stance"": ""BEARISH"", ""mentions"": 6}, {""reason_code"": ""OTHER"", ""stance"": ""BULLISH"", ""mentions"": 4}, {""reason_code"": ""GEOPOLITICAL_RISK"", ""stance"": ""BEARISH"", ""mentions"": 2}, {""reason_code"": ""RATE_CUT"", ""stance"": ""UNKNOWN"", ""mentions"": 2}, {""reason_code"": ""RATE_HIKE"", ""stance"": ""BEARISH"", ""mentions"": 2}, {""reason_code"": ""GEOPOLITICAL_RISK"", ""stance"": ""BULLISH"", ""mentions"": 1}, {""reason_code"": ""STRONG_DOLLAR"", ""stance"": ""BEARISH"", ""mentions"": 1}, {""reason_code"": ""VALUATION_HIGH"", ""stance"": ""BEARISH"", ""mentions"": 1}, {""reason_code"": ""WEAK_DOLLAR"", ""stance"": ""BULLISH"", ""mentions"": 1}]"
"{""entity_id"": ""INDEX:大盘"", ""name"": ""大盘"", ""category"": ""INDEX"", ""ticker"": null, ""ts_code"": null, ""layer"": ""CONCEPT""}",23,3,0,3,1,0,0,0,0,0,23,23,3,3,1.0986,2,1.0,0.0,1.0,23,0.008309743512258909,"{""BULLISH"": 2, ""UNKNOWN"": 21}","{""BUY"": 3, ""NONE"": 14, ""UNKNOWN"": 6}","{""OBSERVATION"": 16, ""QUESTION"": 2, ""RECOMMENDATION"": 3, ""FORECAST"": 1, ""SELF_POSITION"": 1}","[{""reason_code"": ""OTHER"", ""stance"": ""UNKNOWN"", ""mentions"": 2}, {""reason_code"": ""OVERSOLD_REBOUND"", ""stance"": ""BULLISH"", ""mentions"": 2}, {""reason_code"": ""TECHNICAL_BREAKOUT"", ""stance"": ""UNKNOWN"", ""mentions"": 1}]"
"{""entity_id"": ""SECTOR:银行板块"", ""name"": ""银行板块"", ""category"": ""SECTOR"", ""ticker"": null, ""ts_code"": null, ""layer"": ""CONCEPT""}",4,3,0,3,1,1,0,0,0,0,4,4,1,3,1.6094,4,1.0,0.0,1.0,4,0.0005380683346785041,"{""BULLISH"": 4}","{""BUY"": 4}","{""RECOMMENDATION"": 3, ""SELF_POSITION"": 1}","[{""reason_code"": ""DIVIDEND_YIELD"", ""stance"": ""BULLISH"", ""mentions"": 2}, {""reason_code"": ""OTHER"", ""stance"": ""BULLISH"", ""mentions"": 1}]"
"{""entity_id"": ""CONCEPT:A股市场"", ""name"": ""A股市场"", ""category"": ""ASSET"", ""ticker"": null, ""ts_code"": null, ""layer"": ""CONCEPT""}",96,1,0,1,7,0,0,0,18,5,95,95,3,3,'-2.9704,39,0.02564102564102564,0.05128205128205128,0.031507106776898094,96,0.02829213682206296,"{""BEARISH"": 38, ""UNKNOWN"": 57, ""BULLISH"": 1}","{""NONE"": 60, ""AVOID"": 18, ""SELL"": 5, ""BUY"": 1, ""UNKNOWN"": 12}","{""FORECAST"": 4, ""RECOMMENDATION"": 14, ""OBSERVATION"": 58, ""QUESTION"": 11, ""SELF_POSITION"": 7, ""HISTORY"": 1, ""COMPARISON"": 1}","[{""reason_code"": ""OTHER"", ""stance"": ""UNKNOWN"", ""mentions"": 18}, {""reason_code"": ""OTHER"", ""stance"": ""BEARISH"", ""mentions"": 16}, {""reason_code"": ""GEOPOLITICAL_RISK"", ""stance"": ""UNKNOWN"", ""mentions"": 2}, {""reason_code"": ""OVERSOLD_REBOUND"", ""stance"": ""BULLISH"", ""mentions"": 1}]"
"{""entity_id"": ""CONCEPT:美国国债"", ""name"": ""美国国债"", ""category"": ""ASSET"", ""ticker"": null, ""ts_code"": null, ""layer"": ""CONCEPT""}",25,1,0,1,0,0,0,0,0,0,25,25,1,3,'-0.4055,3,0.3333333333333333,0.6666666666666666,0.3333333333333333,25,0.009147457006952067,"{""UNKNOWN"": 22, ""BEARISH"": 2, ""BULLISH"": 1}","{""NONE"": 21, ""BUY"": 1, ""UNKNOWN"": 3}","{""OBSERVATION"": 11, ""QUESTION"": 11, ""FORECAST"": 2, ""RECOMMENDATION"": 1}","[{""reason_code"": ""OTHER"", ""stance"": ""UNKNOWN"", ""mentions"": 5}, {""reason_code"": ""OTHER"", ""stance"": ""BEARISH"", ""mentions"": 2}, {""reason_code"": ""RATE_CUT"", ""stance"": ""UNKNOWN"", ""mentions"": 1}, {""reason_code"": ""STRONG_DOLLAR"", ""stance"": ""UNKNOWN"", ""mentions"": 1}]"
"{""entity_id"": ""ASSET:原油"", ""name"": ""原油"", ""category"": ""ASSET"", ""ticker"": null, ""ts_code"": null, ""layer"": ""CONCEPT""}",23,1,0,1,1,1,0,0,0,0,23,22,1,3,1.0986,2,1.0,0.0,1.0,23,0.008415660446395903,"{""BULLISH"": 2, ""UNKNOWN"": 21}","{""NONE"": 17, ""BUY"": 2, ""UNKNOWN"": 4}","{""QUESTION"": 9, ""FORECAST"": 1, ""OBSERVATION"": 10, ""SELF_POSITION"": 1, ""RECOMMENDATION"": 1}","[{""reason_code"": ""GEOPOLITICAL_RISK"", ""stance"": ""UNKNOWN"", ""mentions"": 1}, {""reason_code"": ""OTHER"", ""stance"": ""UNKNOWN"", ""mentions"": 1}, {""reason_code"": ""POLICY_SUPPORT"", ""stance"": ""BULLISH"", ""mentions"": 1}]"
"{""entity_id"": ""CONCEPT:科技板块"", ""name"": ""科技板块"", ""category"": ""SECTOR"", ""ticker"": null, ""ts_code"": null, ""layer"": ""CONCEPT""}",16,1,0,1,3,3,0,0,0,0,16,16,2,3,0.4055,3,0.6666666666666666,0.6666666666666666,0.6085160016015245,16,0.004234704108190127,"{""UNKNOWN"": 13, ""BULLISH"": 2, ""BEARISH"": 1}","{""NONE"": 11, ""BUY"": 4, ""UNKNOWN"": 1}","{""OBSERVATION"": 7, ""SELF_POSITION"": 3, ""FORECAST"": 3, ""RECOMMENDATION"": 1, ""QUESTION"": 2}","[{""reason_code"": ""OTHER"", ""stance"": ""UNKNOWN"", ""mentions"": 2}, {""reason_code"": ""AI_CAPEX"", ""stance"": ""UNKNOWN"", ""mentions"": 1}, {""reason_code"": ""OTHER"", ""stance"": ""BEARISH"", ""mentions"": 1}, {""reason_code"": ""OTHER"", ""stance"": ""BULLISH"", ""mentions"": 1}, {""reason_code"": ""VALUATION_HIGH"", ""stance"": ""UNKNOWN"", ""mentions"": 1}]"
"{""entity_id"": ""INDEX:标普500"", ""name"": ""标普500"", ""category"": ""INDEX"", ""ticker"": null, ""ts_code"": null, ""layer"": ""CONCEPT""}",4,1,0,1,2,2,0,0,0,1,4,4,1,3,0.6931,1,1.0,0.0,1.0,4,0.0005380683346785041,"{""BULLISH"": 1, ""UNKNOWN"": 3}","{""BUY"": 3, ""NONE"": 1, ""SELL"": 1}","{""SELF_POSITION"": 2, ""RECOMMENDATION"": 1, ""HISTORY"": 1, ""OBSERVATION"": 1}","[{""reason_code"": ""OTHER"", ""stance"": ""BULLISH"", ""mentions"": 1}]"
"{""entity_id"": ""300725.SZ"", ""name"": ""药石科技"", ""category"": ""STOCK"", ""ticker"": ""300725"", ""ts_code"": ""300725.SZ"", ""layer"": ""SECURITY""}",1,1,0,1,0,0,0,0,0,0,1,1,1,3,0.6931,1,1.0,0.0,1.0,1,0.00013451708366962604,"{""BULLISH"": 1}","{""NONE"": 1}","{""RECOMMENDATION"": 1}",[]
"{""entity_id"": ""CONCEPT:日经225ETF"", ""name"": ""日经225ETF"", ""category"": ""ETF"", ""ticker"": null, ""ts_code"": null, ""layer"": ""CONCEPT""}",1,1,0,1,0,0,0,0,0,0,1,1,1,3,0.0,0,,,,1,0.00013451708366962604,"{""UNKNOWN"": 1}","{""BUY"": 1}","{""RECOMMENDATION"": 1}",[]
"{""entity_id"": ""CONCEPT:纳指ETF"", ""name"": ""纳指ETF"", ""category"": ""ETF"", ""ticker"": null, ""ts_code"": null, ""layer"": ""CONCEPT""}",1,1,0,1,0,0,0,0,0,0,1,1,1,3,0.6931,1,1.0,0.0,1.0,1,0.00013451708366962604,"{""BULLISH"": 1}","{""BUY"": 1}","{""RECOMMENDATION"": 1}",[]
"{""entity_id"": ""CONCEPT:美元"", ""name"": ""美元"", ""category"": ""ASSET"", ""ticker"": null, ""ts_code"": null, ""layer"": ""CONCEPT""}",75,0,0,0,0,0,0,0,0,0,75,75,1,3,'-0.2231,7,0.42857142857142855,0.8571428571428571,0.38859771098513207,75,0.027442371020856202,"{""UNKNOWN"": 68, ""BEARISH"": 4, ""BULLISH"": 3}","{""NONE"": 70, ""UNKNOWN"": 5}","{""OBSERVATION"": 43, ""FORECAST"": 9, ""QUESTION"": 23}","[{""reason_code"": ""OTHER"", ""stance"": ""UNKNOWN"", ""mentions"": 9}, {""reason_code"": ""OTHER"", ""stance"": ""BEARISH"", ""mentions"": 2}, {""reason_code"": ""OTHER"", ""stance"": ""BULLISH"", ""mentions"": 2}, {""reason_code"": ""RATE_HIKE"", ""stance"": ""UNKNOWN"", ""mentions"": 2}, {""reason_code"": ""STRONG_DOLLAR"", ""stance"": ""UNKNOWN"", ""mentions"": 2}, {""reason_code"": ""GEOPOLITICAL_RISK"", ""stance"": ""UNKNOWN"", ""mentions"": 1}, {""reason_code"": ""RATE_CUT"", ""stance"": ""UNKNOWN"", ""mentions"": 1}]"
"{""entity_id"": ""CONCEPT:新能源"", ""name"": ""新能源"", ""category"": ""SECTOR"", ""ticker"": null, ""ts_code"": null, ""layer"": ""CONCEPT""}",10,0,0,0,0,0,0,0,0,0,10,9,1,3,0.0,0,,,,10,0.0036589828027808274,"{""UNKNOWN"": 10}","{""NONE"": 10}","{""OBSERVATION"": 7, ""QUESTION"": 2, ""FORECAST"": 1}","[{""reason_code"": ""OTHER"", ""stance"": ""UNKNOWN"", ""mentions"": 4}, {""reason_code"": ""POLICY_SUPPORT"", ""stance"": ""UNKNOWN"", ""mentions"": 1}]"
"{""entity_id"": ""CONCEPT:美元指数"", ""name"": ""美元指数"", ""category"": ""INDEX"", ""ticker"": null, ""ts_code"": null, ""layer"": ""CONCEPT""}",10,0,0,0,0,0,0,0,0,0,10,10,1,3,0.0,0,,,,10,0.0036589828027808274,"{""UNKNOWN"": 10}","{""NONE"": 10}","{""FORECAST"": 2, ""OBSERVATION"": 7, ""QUESTION"": 1}","[{""reason_code"": ""OTHER"", ""stance"": ""UNKNOWN"", ""mentions"": 1}, {""reason_code"": ""RATE_HIKE"", ""stance"": ""UNKNOWN"", ""mentions"": 1}]"
"{""entity_id"": ""CONCEPT:铜"", ""name"": ""铜"", ""category"": ""ASSET"", ""ticker"": null, ""ts_code"": null, ""layer"": ""CONCEPT""}",5,0,0,0,0,0,0,0,0,0,5,5,2,3,0.0,0,,,,5,0.0015981102047819568,"{""UNKNOWN"": 5}","{""NONE"": 4, ""UNKNOWN"": 1}","{""OBSERVATION"": 2, ""QUESTION"": 3}","[{""reason_code"": ""OTHER"", ""stance"": ""UNKNOWN"", ""mentions"": 1}]"
"{""entity_id"": ""SECTOR:半导体芯片"", ""name"": ""半导体芯片"", ""category"": ""SECTOR"", ""ticker"": null, ""ts_code"": null, ""layer"": ""CONCEPT""}",5,0,0,0,1,1,0,0,0,0,5,5,2,3,0.0,2,0.5,1.0,0.4786762151468744,5,0.0015981102047819568,"{""BEARISH"": 1, ""UNKNOWN"": 3, ""BULLISH"": 1}","{""NONE"": 3, ""BUY"": 1, ""UNKNOWN"": 1}","{""QUESTION"": 2, ""OBSERVATION"": 1, ""FORECAST"": 1, ""SELF_POSITION"": 1}","[{""reason_code"": ""DOMESTIC_SUBSTITUTION"", ""stance"": ""UNKNOWN"", ""mentions"": 1}, {""reason_code"": ""OTHER"", ""stance"": ""BEARISH"", ""mentions"": 1}]"
"{""entity_id"": ""SECTOR:房地产"", ""name"": ""房地产"", ""category"": ""SECTOR"", ""ticker"": null, ""ts_code"": null, ""layer"": ""CONCEPT""}",5,0,0,0,0,0,0,0,0,0,5,5,2,3,'-0.6931,1,0.0,0.0,0.0,5,0.0015981102047819568,"{""BEARISH"": 1, ""UNKNOWN"": 4}","{""NONE"": 4, ""UNKNOWN"": 1}","{""OBSERVATION"": 3, ""QUESTION"": 1, ""FORECAST"": 1}","[{""reason_code"": ""OTHER"", ""stance"": ""BEARISH"", ""mentions"": 1}, {""reason_code"": ""OTHER"", ""stance"": ""UNKNOWN"", ""mentions"": 1}, {""reason_code"": ""POLICY_SUPPORT"", ""stance"": ""UNKNOWN"", ""mentions"": 1}]"
"{""entity_id"": ""ASSET:白银"", ""name"": ""白银"", ""category"": ""ASSET"", ""ticker"": null, ""ts_code"": null, ""layer"": ""CONCEPT""}",4,0,0,0,0,0,0,0,0,0,4,4,2,3,0.0,0,,,,4,0.0010008307278954176,"{""UNKNOWN"": 4}","{""NONE"": 3, ""UNKNOWN"": 1}","{""OBSERVATION"": 2, ""HISTORY"": 1, ""QUESTION"": 1}",[]
"{""entity_id"": ""CONCEPT:比特币"", ""name"": ""比特币"", ""category"": ""ASSET"", ""ticker"": null, ""ts_code"": null, ""layer"": ""CONCEPT""}",4,0,0,0,0,0,0,0,0,0,4,4,1,3,0.0,0,,,,4,0.001463593121112331,"{""UNKNOWN"": 4}","{""NONE"": 4}","{""QUESTION"": 2, ""OBSERVATION"": 2}","[{""reason_code"": ""RATE_HIKE"", ""stance"": ""UNKNOWN"", ""mentions"": 1}]"
"{""entity_id"": ""ASSET:银行存款"", ""name"": ""银行存款"", ""category"": ""ASSET"", ""ticker"": null, ""ts_code"": null, ""layer"": ""CONCEPT""}",3,0,0,0,1,0,0,0,0,0,3,3,1,3,0.0,0,,,,3,0.00040355125100887816,"{""UNKNOWN"": 3}","{""NONE"": 3}","{""OBSERVATION"": 2, ""SELF_POSITION"": 1}","[{""reason_code"": ""OTHER"", ""stance"": ""UNKNOWN"", ""mentions"": 1}]"
"{""entity_id"": ""CONCEPT:港股市场"", ""name"": ""港股市场"", ""category"": ""ASSET"", ""ticker"": null, ""ts_code"": null, ""layer"": ""CONCEPT""}",3,0,0,0,1,0,0,0,1,0,3,3,2,3,'-1.0986,2,0.0,0.0,0.0,3,0.0008663136442257914,"{""BEARISH"": 2, ""UNKNOWN"": 1}","{""NONE"": 2, ""AVOID"": 1}","{""SELF_POSITION"": 1, ""OBSERVATION"": 2}","[{""reason_code"": ""STRONG_DOLLAR"", ""stance"": ""UNKNOWN"", ""mentions"": 1}]"
"{""entity_id"": ""SECTOR:券商板块"", ""name"": ""券商板块"", ""category"": ""SECTOR"", ""ticker"": null, ""ts_code"": null, ""layer"": ""CONCEPT""}",3,0,0,0,1,1,0,0,0,0,3,3,2,3,0.6931,1,1.0,0.0,1.0,3,0.0006349324476173347,"{""UNKNOWN"": 2, ""BULLISH"": 1}","{""NONE"": 2, ""BUY"": 1}","{""OBSERVATION"": 1, ""QUESTION"": 1, ""SELF_POSITION"": 1}","[{""reason_code"": ""OTHER"", ""stance"": ""UNKNOWN"", ""mentions"": 1}]"
"{""entity_id"": ""CONCEPT:白酒"", ""name"": ""白酒"", ""category"": ""SECTOR"", ""ticker"": null, ""ts_code"": null, ""layer"": ""CONCEPT""}",2,0,0,0,1,1,0,0,0,0,2,2,2,3,0.0,0,,,,2,0.0008920928412453835,"{""UNKNOWN"": 2}","{""BUY"": 1, ""NONE"": 1}","{""SELF_POSITION"": 1, ""OBSERVATION"": 1}",[]
"{""entity_id"": ""ETF:QQQ"", ""name"": ""QQQ"", ""category"": ""ETF"", ""ticker"": null, ""ts_code"": null, ""layer"": ""GLOBAL""}",2,0,0,0,1,1,0,0,0,0,2,2,1,3,0.6931,1,1.0,0.0,1.0,2,0.0002690341673392521,"{""UNKNOWN"": 1, ""BULLISH"": 1}","{""NONE"": 1, ""BUY"": 1}","{""SELF_POSITION"": 1}",[]
"{""entity_id"": ""ETF:红利ETF"", ""name"": ""红利ETF"", ""category"": ""ETF"", ""ticker"": null, ""ts_code"": null, ""layer"": ""CONCEPT""}",2,0,0,0,2,2,0,0,0,0,2,2,1,3,0.6931,1,1.0,0.0,1.0,2,0.0002690341673392521,"{""UNKNOWN"": 1, ""BULLISH"": 1}","{""BUY"": 2}","{""SELF_POSITION"": 2}",[]
"{""entity_id"": ""000011.SZ"", ""name"": ""深物业A"", ""category"": ""STOCK"", ""ticker"": ""000011"", ""ts_code"": ""000011.SZ"", ""layer"": ""SECURITY""}",1,0,0,0,0,0,0,0,0,0,1,1,1,3,'-0.6931,1,0.0,0.0,0.0,1,0.00013451708366962604,"{""BEARISH"": 1}","{""UNKNOWN"": 1}","{""OBSERVATION"": 1}","[{""reason_code"": ""OTHER"", ""stance"": ""BEARISH"", ""mentions"": 1}]"
"{""entity_id"": ""000591.SZ"", ""name"": ""太阳能"", ""category"": ""STOCK"", ""ticker"": ""000591"", ""ts_code"": ""000591.SZ"", ""layer"": ""SECURITY""}",1,0,0,0,0,0,0,0,0,0,1,1,1,3,0.0,0,,,,1,0.0003658982802780827,"{""UNKNOWN"": 1}","{""NONE"": 1}","{""FORECAST"": 1}","[{""reason_code"": ""OTHER"", ""stance"": ""UNKNOWN"", ""mentions"": 1}]"
"{""entity_id"": ""000678.SZ"", ""name"": ""襄阳轴承"", ""category"": ""STOCK"", ""ticker"": ""000678"", ""ts_code"": ""000678.SZ"", ""layer"": ""SECURITY""}",1,0,0,0,0,0,0,0,0,0,1,1,1,3,0.0,0,,,,1,0.00013451708366962604,"{""UNKNOWN"": 1}","{""NONE"": 1}","{""OBSERVATION"": 1}",[]
"{""entity_id"": ""002426.SZ"", ""name"": ""胜利精密"", ""category"": ""STOCK"", ""ticker"": ""002426"", ""ts_code"": ""002426.SZ"", ""layer"": ""SECURITY""}",1,0,0,0,0,0,0,0,0,0,1,1,1,3,0.0,0,,,,1,0.00013451708366962604,"{""UNKNOWN"": 1}","{""BUY"": 1}","{""HISTORY"": 1}",[]
"{""entity_id"": ""002588.SZ"", ""name"": ""史丹利"", ""category"": ""STOCK"", ""ticker"": ""002588"", ""ts_code"": ""002588.SZ"", ""layer"": ""SECURITY""}",1,0,0,0,1,1,0,0,0,0,1,1,1,3,0.6931,1,1.0,0.0,1.0,1,0.00013451708366962604,"{""BULLISH"": 1}","{""BUY"": 1}","{""SELF_POSITION"": 1}",[]
"{""entity_id"": ""300750.SZ"", ""name"": ""宁德时代"", ""category"": ""STOCK"", ""ticker"": ""300750"", ""ts_code"": ""300750.SZ"", ""layer"": ""SECURITY""}",1,0,0,0,0,0,0,0,0,0,1,1,1,3,0.0,0,,,,1,0.00013451708366962604,"{""UNKNOWN"": 1}","{""NONE"": 1}","{""OBSERVATION"": 1}",[]
"{""entity_id"": ""300981.SZ"", ""name"": ""中红医疗"", ""category"": ""STOCK"", ""ticker"": ""300981"", ""ts_code"": ""300981.SZ"", ""layer"": ""SECURITY""}",1,0,0,0,1,1,0,0,0,0,1,1,1,3,0.6931,1,1.0,0.0,1.0,1,0.00013451708366962604,"{""BULLISH"": 1}","{""BUY"": 1}","{""SELF_POSITION"": 1}",[]
"{""entity_id"": ""600418.SH"", ""name"": ""江淮汽车"", ""category"": ""STOCK"", ""ticker"": ""600418"", ""ts_code"": ""600418.SH"", ""layer"": ""SECURITY""}",1,0,0,0,0,0,0,0,0,0,1,1,1,3,0.0,0,,,,1,0.00013451708366962604,"{""UNKNOWN"": 1}","{""NONE"": 1}","{""QUESTION"": 1}",[]
"{""entity_id"": ""600707.SH"", ""name"": ""彩虹股份"", ""category"": ""STOCK"", ""ticker"": ""600707"", ""ts_code"": ""600707.SH"", ""layer"": ""SECURITY""}",1,0,0,0,0,0,0,0,0,0,1,1,1,3,0.0,0,,,,1,0.00013451708366962604,"{""UNKNOWN"": 1}","{""UNKNOWN"": 1}","{""QUESTION"": 1}",[]
"{""entity_id"": ""601005.SH"", ""name"": ""重庆钢铁"", ""category"": ""STOCK"", ""ticker"": ""601005"", ""ts_code"": ""601005.SH"", ""layer"": ""SECURITY""}",1,0,0,0,1,1,0,0,0,0,1,1,1,3,0.6931,1,1.0,0.0,1.0,1,0.00013451708366962604,"{""BULLISH"": 1}","{""BUY"": 1}","{""SELF_POSITION"": 1}",[]
"{""entity_id"": ""601988.SH"", ""name"": ""中国银行"", ""category"": ""STOCK"", ""ticker"": ""601988"", ""ts_code"": ""601988.SH"", ""layer"": ""SECURITY""}",1,0,0,0,1,1,0,0,0,0,1,1,1,3,0.6931,1,1.0,0.0,1.0,1,0.00013451708366962604,"{""BULLISH"": 1}","{""BUY"": 1}","{""SELF_POSITION"": 1}",[]
"{""entity_id"": ""601991.SH"", ""name"": ""大唐发电"", ""category"": ""STOCK"", ""ticker"": ""601991"", ""ts_code"": ""601991.SH"", ""layer"": ""SECURITY""}",1,0,0,0,1,0,0,0,1,0,1,1,1,3,'-0.6931,1,0.0,0.0,0.0,1,0.00013451708366962604,"{""BEARISH"": 1}","{""AVOID"": 1}","{""SELF_POSITION"": 1}",[]
"{""entity_id"": ""603823.SH"", ""name"": ""百合花"", ""category"": ""STOCK"", ""ticker"": ""603823"", ""ts_code"": ""603823.SH"", ""layer"": ""SECURITY""}",1,0,0,0,1,0,0,0,0,0,1,1,1,3,0.0,0,,,,1,0.00013451708366962604,"{""UNKNOWN"": 1}","{""NONE"": 1}","{""SELF_POSITION"": 1}",[]
"{""entity_id"": ""603949.SH"", ""name"": ""雪龙集团"", ""category"": ""STOCK"", ""ticker"": ""603949"", ""ts_code"": ""603949.SH"", ""layer"": ""SECURITY""}",1,0,0,0,0,0,0,0,0,0,1,1,1,3,0.0,0,,,,1,0.00013451708366962604,"{""UNKNOWN"": 1}","{""NONE"": 1}","{""COMPARISON"": 1}","[{""reason_code"": ""OTHER"", ""stance"": ""UNKNOWN"", ""mentions"": 1}]"
"{""entity_id"": ""688256.SH"", ""name"": ""寒武纪"", ""category"": ""STOCK"", ""ticker"": ""688256"", ""ts_code"": ""688256.SH"", ""layer"": ""SECURITY""}",1,0,0,0,1,1,0,0,0,0,1,1,1,3,0.6931,1,1.0,0.0,1.0,1,0.00013451708366962604,"{""BULLISH"": 1}","{""BUY"": 1}","{""SELF_POSITION"": 1}",[]
"{""entity_id"": ""ASSET:橡胶"", ""name"": ""橡胶"", ""category"": ""ASSET"", ""ticker"": null, ""ts_code"": null, ""layer"": ""CONCEPT""}",1,0,0,0,1,1,0,0,0,0,1,1,1,3,0.6931,1,1.0,0.0,1.0,1,0.00013451708366962604,"{""BULLISH"": 1}","{""BUY"": 1}","{""SELF_POSITION"": 1}","[{""reason_code"": ""OVERSOLD_REBOUND"", ""stance"": ""BULLISH"", ""mentions"": 1}]"
"{""entity_id"": ""CONCEPT:中证红利ETF"", ""name"": ""中证红利ETF"", ""category"": ""ETF"", ""ticker"": null, ""ts_code"": null, ""layer"": ""CONCEPT""}",1,0,0,0,1,1,0,0,0,0,1,1,1,3,0.6931,1,1.0,0.0,1.0,1,0.00013451708366962604,"{""BULLISH"": 1}","{""BUY"": 1}","{""SELF_POSITION"": 1}",[]
"{""entity_id"": ""CONCEPT:红利低波"", ""name"": ""红利低波"", ""category"": ""SECTOR"", ""ticker"": null, ""ts_code"": null, ""layer"": ""CONCEPT""}",1,0,0,0,1,1,0,0,0,0,1,1,1,3,0.6931,1,1.0,0.0,1.0,1,0.00013451708366962604,"{""BULLISH"": 1}","{""BUY"": 1}","{""SELF_POSITION"": 1}","[{""reason_code"": ""OTHER"", ""stance"": ""BULLISH"", ""mentions"": 1}]"
"{""entity_id"": ""ETF:TQQQ"", ""name"": ""TQQQ"", ""category"": ""ETF"", ""ticker"": null, ""ts_code"": null, ""layer"": ""GLOBAL""}",1,0,0,0,0,0,0,0,0,0,1,1,1,3,0.0,0,,,,1,0.00013451708366962604,"{""UNKNOWN"": 1}","{""NONE"": 1}",{},[]
"{""entity_id"": ""SSE_INDEX:000001"", ""name"": ""上证指数"", ""category"": ""INDEX"", ""ticker"": ""000001"", ""ts_code"": null, ""layer"": ""SECURITY""}",1,0,0,0,0,0,0,0,0,0,1,1,1,3,0.0,0,,,,1,0.0007575757575757576,"{""UNKNOWN"": 1}","{""NONE"": 1}","{""OBSERVATION"": 1}",[]
"{""entity_id"": ""STOCK:AMD"", ""name"": ""AMD"", ""category"": ""STOCK"", ""ticker"": null, ""ts_code"": null, ""layer"": ""CONCEPT""}",1,0,0,0,0,0,0,0,0,0,1,1,1,3,0.0,0,,,,1,0.00013451708366962604,"{""UNKNOWN"": 1}","{""NONE"": 1}",{},[]
"{""entity_id"": ""STOCK:美光"", ""name"": ""美光"", ""category"": ""STOCK"", ""ticker"": null, ""ts_code"": null, ""layer"": ""CONCEPT""}",1,0,0,0,0,0,0,0,0,0,1,1,1,3,0.0,0,,,,1,0.00013451708366962604,"{""UNKNOWN"": 1}","{""NONE"": 1}",{},[]
"{""entity_id"": ""STOCK:英伟达"", ""name"": ""英伟达"", ""category"": ""STOCK"", ""ticker"": null, ""ts_code"": null, ""layer"": ""CONCEPT""}",1,0,0,0,0,0,0,0,0,0,1,1,1,3,0.0,0,,,,1,0.00013451708366962604,"{""UNKNOWN"": 1}","{""NONE"": 1}",{},[]
