method,method_name,count,percentage,comment_keys
CASH_WAIT,现金等待,103,3.905953735305271,"[""douyin:7691649682640700211"", ""douyin:7691466887050724133"", ""douyin:7691120262762332977"", ""douyin:7691965905173070651"", ""douyin:7691178805922612002"", ""douyin:7691973014875800369"", ""douyin:7691940999288226594"", ""douyin:7691629333832762149"", ""douyin:7691131212983567154"", ""douyin:7691638539432182565"", ""douyin:7691353392988832561"", ""douyin:7691923851719181082"", ""douyin:7691962188345656102"", ""douyin:7691649204759233329"", ""douyin:7691220429868679970"", ""douyin:7691870308266050344"", ""douyin:7691973629488333587"", ""douyin:7691283846848185103"", ""douyin:7691908681273983763"", ""douyin:7691628871292519210"", ""douyin:7691205000232911626"", ""douyin:7691613239511794482"", ""douyin:7691982731077616442"", ""douyin:7691877599559582513"", ""douyin:7692007030567732003"", ""douyin:7691968923621278513"", ""douyin:7691960833832157986"", ""douyin:7691920979089556283"", ""douyin:7691877624687674149"", ""douyin:7691866114351039270"", ""douyin:7691725450435281721"", ""douyin:7691717010539873064"", ""douyin:7691679121721721619"", ""douyin:7691675146146595626"", ""douyin:7691671916750439205"", ""douyin:7691652311295574833"", ""douyin:7691651339030037288"", ""douyin:7691649877118370579"", ""douyin:7691644863583388462"", ""douyin:7691592643533914917"", ""douyin:7691591357550363441"", ""douyin:7691589597805970235"", ""douyin:7691571892670513962"", ""douyin:7691567676707406641"", ""douyin:7691471062466593585"", ""douyin:7691450673402004224"", ""douyin:7691369699531670299"", ""douyin:7691348296908686106"", ""douyin:7691344485167661873"", ""douyin:7691336879703442218"", ""douyin:7691336876501779219"", ""douyin:7691336409122161451"", ""douyin:7691333494823437115"", ""douyin:7691332023339877139"", ""douyin:7691325571516007205"", ""douyin:7691322847637963546"", ""douyin:7691314784218628900"", ""douyin:7691309928246444863"", ""douyin:7691291910602031899"", ""douyin:7691281572926554937"", ""douyin:7691271288834851621"", ""douyin:7691265265569186609"", ""douyin:7691264375088825125"", ""douyin:7691261131738940206"", ""douyin:7691256059779875599"", ""douyin:7691250738803540755"", ""douyin:7691249377860682545"", ""douyin:7691228985657262897"", ""douyin:7691227057351607081"", ""douyin:7691225066121610025"", ""douyin:7691221164757304101"", ""douyin:7691220541261529891"", ""douyin:7691212995653354297"", ""douyin:7691210077978788662"", ""douyin:7691205684382204687"", ""douyin:7691203654192333625"", ""douyin:7691201886355211018"", ""douyin:7691191316713210681"", ""douyin:7691190314774479643"", ""douyin:7691188485516051249"", ""douyin:7691182141912122170"", ""douyin:7691180259694101258"", ""douyin:7691174752869729061"", ""douyin:7691172058130137914"", ""douyin:7691168152890131237"", ""douyin:7691165004355109668"", ""douyin:7691162828535202575"", ""douyin:7691162066942608170"", ""douyin:7691160473923978043"", ""douyin:7691124885116420927"", ""douyin:7692344773881021220"", ""douyin:7692403264272352054"", ""douyin:7692741563201897253"", ""douyin:7692352851549881125"", ""douyin:7692406595447816998"", ""douyin:7692336674471379731"", ""douyin:7692368053489140517"", ""douyin:7692653600431407921"", ""douyin:7692706727493485361"", ""douyin:7692656360454423333"", ""douyin:7691772472072586021"", ""unidentified:ff2f82d52a3da17c890fe4f9280ed0996bb861138b05b05ec1f0b516eba368f8"", ""unidentified:1eba146d3a8be75b76b5dce20b7901aed0de5f8fdd2bf3f334e1d887ab3b4ae3""]"
POSITION_RISK,仓位风控,47,1.782328403488813,"[""douyin:7691649682640700211"", ""douyin:7691285789539992378"", ""douyin:7691827903935955755"", ""douyin:7691965905173070651"", ""douyin:7691505649632559931"", ""douyin:7691629333832762149"", ""douyin:7691917877058650937"", ""douyin:7691247620127736610"", ""douyin:7691353392988832561"", ""douyin:7691341228536988425"", ""douyin:7691683840829473573"", ""douyin:7691676672782025521"", ""douyin:7691232257873675057"", ""douyin:7691703335116407561"", ""douyin:7691226626260566843"", ""douyin:7691628871292519210"", ""douyin:7691658011005682490"", ""douyin:7691205000232911626"", ""douyin:7691381517751321403"", ""douyin:7691678894898725686"", ""douyin:7691651339030037288"", ""douyin:7691639963368719150"", ""douyin:7691571892670513962"", ""douyin:7691535281863230257"", ""douyin:7691450673402004224"", ""douyin:7691432978627969850"", ""douyin:7691344485167661873"", ""douyin:7691284120345314097"", ""douyin:7691266542022443835"", ""douyin:7691264144984621843"", ""douyin:7691259035916288805"", ""douyin:7691258381541229348"", ""douyin:7691253625435226920"", ""douyin:7691248792351621937"", ""douyin:7691223982092501819"", ""douyin:7691196383320474377"", ""douyin:7691190838601597755"", ""douyin:7691189039207334690"", ""douyin:7691186488112939802"", ""douyin:7691185736402273061"", ""douyin:7691174884675863345"", ""douyin:7691165004355109668"", ""douyin:7692752758402908987"", ""douyin:7692352851549881125"", ""douyin:7692797680661644074"", ""unidentified:ff2f82d52a3da17c890fe4f9280ed0996bb861138b05b05ec1f0b516eba368f8"", ""unidentified:1eba146d3a8be75b76b5dce20b7901aed0de5f8fdd2bf3f334e1d887ab3b4ae3""]"
EXIT,退出交易,44,1.6685627607129314,"[""douyin:7691649682640700211"", ""douyin:7691271443338003237"", ""douyin:7691629333832762149"", ""douyin:7691917877058650937"", ""douyin:7691247620127736610"", ""douyin:7691341228536988425"", ""douyin:7691232257873675057"", ""douyin:7691490206671717160"", ""douyin:7691283846848185103"", ""douyin:7691226626260566843"", ""douyin:7691236950099395365"", ""douyin:7691344581212111635"", ""douyin:7691694596807738171"", ""douyin:7691613239511794482"", ""douyin:7691273917914809137"", ""douyin:7691877599559582513"", ""douyin:7691960833832157986"", ""douyin:7691798165259928358"", ""douyin:7691628448078938926"", ""douyin:7691618988945949489"", ""douyin:7691571892670513962"", ""douyin:7691535281863230257"", ""douyin:7691450673402004224"", ""douyin:7691347374301037321"", ""douyin:7691322808152146751"", ""douyin:7691289206724199225"", ""douyin:7691284120345314097"", ""douyin:7691258381541229348"", ""douyin:7691190838601597755"", ""douyin:7691181291836850953"", ""douyin:7691179219859505947"", ""douyin:7691174884675863345"", ""douyin:7691168152890131237"", ""douyin:7691165004355109668"", ""douyin:7692738987568317184"", ""douyin:7692734416603841339"", ""douyin:7692741563201897253"", ""douyin:7692352657012687675"", ""douyin:7692692058401981242"", ""douyin:7692575948478628643"", ""douyin:7692646772317356859"", ""douyin:7692360325538857743"", ""unidentified:ff2f82d52a3da17c890fe4f9280ed0996bb861138b05b05ec1f0b516eba368f8"", ""unidentified:1eba146d3a8be75b76b5dce20b7901aed0de5f8fdd2bf3f334e1d887ab3b4ae3""]"
TREND,趋势交易,32,1.2135001896094046,"[""douyin:7691704296534852387"", ""douyin:7691304082656658230"", ""douyin:7691341228536988425"", ""douyin:7691769098854351656"", ""douyin:7691729336156963621"", ""douyin:7691915567448802105"", ""douyin:7691490206671717160"", ""douyin:7691973629488333587"", ""douyin:7691273917914809137"", ""douyin:7691682252333581093"", ""douyin:7691666149063590656"", ""douyin:7691640626585322259"", ""douyin:7691618988945949489"", ""douyin:7691613283216474906"", ""douyin:7691588688244998971"", ""douyin:7691387597037962042"", ""douyin:7691356615505675057"", ""douyin:7691284120345314097"", ""douyin:7691264144984621843"", ""douyin:7691181291836850953"", ""douyin:7691179219859505947"", ""douyin:7691174884675863345"", ""douyin:7691161054914904869"", ""douyin:7692710675986023217"", ""douyin:7692354185416721210"", ""douyin:7692364069807063862"", ""douyin:7692726000237642545"", ""douyin:7692752758402908987"", ""douyin:7692734416603841339"", ""douyin:7692368053489140517"", ""douyin:7692812222054286139"", ""douyin:7692575948478628643""]"
SWING_T,波段/做T,29,1.099734546833523,"[""douyin:7691649682640700211"", ""douyin:7691827903935955755"", ""douyin:7691704296534852387"", ""douyin:7691247620127736610"", ""douyin:7691482351725282105"", ""douyin:7691678312943338299"", ""douyin:7691703193533580089"", ""douyin:7691628871292519210"", ""douyin:7691254205373268795"", ""douyin:7691273917914809137"", ""douyin:7691990621677945649"", ""douyin:7691707688909407013"", ""douyin:7691685058084553509"", ""douyin:7691666149063590656"", ""douyin:7691643682952577841"", ""douyin:7691556283673445179"", ""douyin:7691356255876940593"", ""douyin:7691313742072054587"", ""douyin:7691288742371689252"", ""douyin:7691259035916288805"", ""douyin:7691241124282975025"", ""douyin:7691225356859032377"", ""douyin:7691181193954411306"", ""douyin:7691172727079977785"", ""douyin:7691153701709579065"", ""douyin:7692272241488544575"", ""douyin:7692822720043991817"", ""unidentified:ff2f82d52a3da17c890fe4f9280ed0996bb861138b05b05ec1f0b516eba368f8"", ""unidentified:1eba146d3a8be75b76b5dce20b7901aed0de5f8fdd2bf3f334e1d887ab3b4ae3""]"
OTHER,其他,25,0.9480470231323473,"[""douyin:7691159158968714022"", ""douyin:7691704296534852387"", ""douyin:7691719137026474803"", ""douyin:7691341228536988425"", ""douyin:7691683840829473573"", ""douyin:7691911104285786929"", ""douyin:7691639963368719150"", ""douyin:7691555042433090342"", ""douyin:7691526499388359459"", ""douyin:7691512783389262651"", ""douyin:7691450169800639272"", ""douyin:7691322419022562099"", ""douyin:7691248792351621937"", ""douyin:7691216379916534565"", ""douyin:7691185736402273061"", ""douyin:7691151893715780386"", ""douyin:7692731010596815679"", ""douyin:7692738987568317184"", ""douyin:7692476117387756346"", ""douyin:7692699837816832809"", ""douyin:7692367196043838254"", ""douyin:7692429891678356239"", ""douyin:7692656870846841627"", ""douyin:7692383280398680889"", ""douyin:7692779846325994289""]"
CYCLE_DIP,周期低吸,22,0.8342813803564657,"[""douyin:7691983129536152370"", ""douyin:7691341228536988425"", ""douyin:7691226626260566843"", ""douyin:7691854986032497471"", ""douyin:7691205000232911626"", ""douyin:7691344581212111635"", ""douyin:7691694596807738171"", ""douyin:7691725450435281721"", ""douyin:7691704441699304241"", ""douyin:7691671916750439205"", ""douyin:7691661452361139007"", ""douyin:7691558396769108751"", ""douyin:7691535281863230257"", ""douyin:7691450673402004224"", ""douyin:7691387597037962042"", ""douyin:7691286617507660570"", ""douyin:7691271002810237753"", ""douyin:7691203759293186854"", ""douyin:7691191316713210681"", ""douyin:7692426169820087098"", ""douyin:7692273629208478523"", ""douyin:7692360325538857743""]"
VALUE,价值投资,18,0.6825938566552902,"[""douyin:7692017425122378542"", ""douyin:7691629333832762149"", ""douyin:7691341228536988425"", ""douyin:7691212170403414843"", ""douyin:7691686199413703450"", ""douyin:7691680951014130481"", ""douyin:7691665140341179173"", ""douyin:7691296487754105609"", ""douyin:7691289171973817125"", ""douyin:7691259035916288805"", ""douyin:7691182479671722811"", ""douyin:7691164587244978971"", ""douyin:7692352851549881125"", ""douyin:7692426169820087098"", ""douyin:7692336674471379731"", ""douyin:7692316276320649984"", ""douyin:7692459045425316645"", ""douyin:7692587405655933733""]"
INDEX_DCA,指数定投,16,0.6067500948047023,"[""douyin:7691915599304508203"", ""douyin:7692012688482665265"", ""douyin:7691979880301527857"", ""douyin:7691824407174038331"", ""douyin:7691686523880309514"", ""douyin:7691633178805011210"", ""douyin:7691328665527943993"", ""douyin:7691284920262329137"", ""douyin:7691281425224450865"", ""douyin:7691264151603495722"", ""douyin:7691258226365301541"", ""douyin:7691225658710901562"", ""douyin:7691202160461644581"", ""douyin:7691174884675863345"", ""douyin:7691172621681525554"", ""douyin:7692648946129896250""]"
HIGH_DIVIDEND,高股息,6,0.22753128555176336,"[""douyin:7691147384751768369"", ""douyin:7691303871344853787"", ""douyin:7691296487754105609"", ""douyin:7691206662758335269"", ""douyin:7691173269990818596"", ""douyin:7692363085868892943""]"
GRID,网格交易,4,0.15168752370117558,"[""douyin:7691678312943338299"", ""douyin:7691854986032497471"", ""unidentified:ff2f82d52a3da17c890fe4f9280ed0996bb861138b05b05ec1f0b516eba368f8"", ""unidentified:1eba146d3a8be75b76b5dce20b7901aed0de5f8fdd2bf3f334e1d887ab3b4ae3""]"
SECTOR_ROTATION,行业轮动,4,0.15168752370117558,"[""douyin:7691216534760915771"", ""douyin:7691482351725282105"", ""douyin:7691630220662752042"", ""douyin:7691296487754105609""]"
ASSET_ALLOCATION,资产配置,2,0.07584376185058779,"[""douyin:7691296487754105609"", ""douyin:7691737316448224058""]"
TECH_GROWTH,科技成长,2,0.07584376185058779,"[""douyin:7691827903935955755"", ""douyin:7691432978627969850""]"
