entity,mentions,recommend_count,oppose_count,stances,actions,video_count,unique_users,user_id_coverage,bullish_index,directional_count,bull_ratio,disagreement,sample_status,weighted_directional_ratio,rationales,representative_comments
"{""entity_id"": ""ASSET:黄金"", ""name"": ""黄金"", ""category"": ""ASSET"", ""ticker"": null, ""resolution"": ""RESOLVED"", ""source"": ""legacy asset_dictionary.json; manually review before expansion"", ""source_date"": ""2026-10-05"", ""dictionary_version"": ""2.0""}",59,9,9,"{""NEUTRAL"": 3, ""BEARISH"": 25, ""BULLISH"": 9, ""UNKNOWN"": 22}","{""HOLD"": 6, ""NONE"": 21, ""AVOID"": 9, ""UNKNOWN"": 18, ""WAIT"": 2, ""BUY"": 3}",2,,0.0,'-0.9555,34,0.2647058823529412,0.5294117647058824,SUFFICIENT,0.2367328305610933,"[{""category"": ""CATALYST"", ""summary"": ""战争持续与油价问题解决被视为黄金上涨的催化因素"", ""mentions"": 1, ""evidence"": [{""comment_key"": ""douyin:7691662967608001337"", ""stance"": ""BULLISH"", ""action"": ""NONE"", ""evidence"": {""quote"": ""战争结束不了，油的问题解决了"", ""start"": 0, ""end"": 14, ""category"": ""CATALYST"", ""summary"": ""战争持续与油价问题解决被视为黄金上涨的催化因素""}}]}, {""category"": ""FLOW"", ""summary"": ""央行购买是黄金长期看涨的理由"", ""mentions"": 1, ""evidence"": [{""comment_key"": ""douyin:7691698334444536633"", ""stance"": ""BULLISH"", ""action"": ""BUY"", ""evidence"": {""quote"": ""黄金长期还是看各央行的购买"", ""start"": 0, ""end"": 13, ""category"": ""FLOW"", ""summary"": ""央行购买是黄金长期看涨的理由""}}]}, {""category"": ""FLOW"", ""summary"": ""美国通过COMEX和华尔街杠杆影响黄金定价"", ""mentions"": 1, ""evidence"": [{""comment_key"": ""douyin:7691927743638618938"", ""stance"": ""UNKNOWN"", ""action"": ""NONE"", ""evidence"": {""quote"": ""美国拥有comex，拥有黄金定价权，华尔街可以加杠杆让它低让它高"", ""start"": 0, ""end"": 32, ""category"": ""FLOW"", ""summary"": ""美国通过COMEX和华尔街杠杆影响黄金定价""}}]}, {""category"": ""FLOW"", ""summary"": ""讨论热度高说明散户关注度高，因此判断黄金涨不起来"", ""mentions"": 1, ""evidence"": [{""comment_key"": ""douyin:7691697714714854179"", ""stance"": ""BEARISH"", ""action"": ""AVOID"", ""evidence"": {""quote"": ""看到这么多人还在讨论黄金，就知道肯定长不起来了[捂脸]"", ""start"": 0, ""end"": 27, ""category"": ""FLOW"", ""summary"": ""讨论热度高说明散户关注度高，因此判断黄金涨不起来""}}]}, {""category"": ""OTHER"", ""summary"": ""作为家庭资产长期配置的一部分，长期持有"", ""mentions"": 1, ""evidence"": [{""comment_key"": ""douyin:7691737316448224058"", ""stance"": ""BULLISH"", ""action"": ""BUY"", ""evidence"": {""quote"": ""当家庭资产长期配置的一部分 拿长期"", ""start"": 24, ""end"": 41, ""category"": ""OTHER"", ""summary"": ""作为家庭资产长期配置的一部分，长期持有""}}]}, {""category"": ""OTHER"", ""summary"": ""强美元会使黄金回归正常"", ""mentions"": 1, ""evidence"": [{""comment_key"": ""douyin:7691681066185376521"", ""stance"": ""BEARISH"", ""action"": ""NONE"", ""evidence"": {""quote"": ""强美元了，黄金就会回归正常。"", ""start"": 0, ""end"": 14, ""category"": ""OTHER"", ""summary"": ""强美元会使黄金回归正常""}}]}, {""category"": ""OTHER"", ""summary"": ""强美元环境不利于黄金上涨"", ""mentions"": 1, ""evidence"": [{""comment_key"": ""douyin:7692246853068423936"", ""stance"": ""BEARISH"", ""action"": ""UNKNOWN"", ""evidence"": {""quote"": ""强美元"", ""start"": 0, ""end"": 3, ""category"": ""OTHER"", ""summary"": ""强美元环境不利于黄金上涨""}}]}, {""category"": ""OTHER"", ""summary"": ""短期承压但长期看涨黄金"", ""mentions"": 1, ""evidence"": [{""comment_key"": ""douyin:7691679648903676681"", ""stance"": ""BULLISH"", ""action"": ""NONE"", ""evidence"": {""quote"": ""短期承压，长期压不住黄金[赞]"", ""start"": 0, ""end"": 15, ""category"": ""OTHER"", ""summary"": ""短期承压但长期看涨黄金""}}]}, {""category"": ""OTHER"", ""summary"": ""美元下跌后黄金涨幅可期"", ""mentions"": 1, ""evidence"": [{""comment_key"": ""douyin:7691746491246150440"", ""stance"": ""BULLISH"", ""action"": ""WAIT"", ""evidence"": {""quote"": ""等美元下跌了，黄金也就涨幅可期了。"", ""start"": 0, ""end"": 17, ""category"": ""OTHER"", ""summary"": ""美元下跌后黄金涨幅可期""}}]}, {""category"": ""OTHER"", ""summary"": ""美元破前高而黄金未破前低且上涨，评论者觉得奇怪"", ""mentions"": 1, ""evidence"": [{""comment_key"": ""douyin:7691668424099234579"", ""stance"": ""UNKNOWN"", ""action"": ""NONE"", ""evidence"": {""quote"": ""今天美元破前高了黄金却没跌破前低还在涨，有点奇怪"", ""start"": 0, ""end"": 24, ""category"": ""OTHER"", ""summary"": ""美元破前高而黄金未破前低且上涨，评论者觉得奇怪""}}]}, {""category"": ""OTHER"", ""summary"": ""美元走强会压制黄金"", ""mentions"": 1, ""evidence"": [{""comment_key"": ""douyin:7692977447712998193"", ""stance"": ""BEARISH"", ""action"": ""WAIT"", ""evidence"": {""quote"": ""否则美元就抢不了"", ""start"": 44, ""end"": 52, ""category"": ""OTHER"", ""summary"": ""美元走强会压制黄金""}}]}, {""category"": ""OTHER"", ""summary"": ""美元走强导致黄金走弱"", ""mentions"": 1, ""evidence"": [{""comment_key"": ""douyin:7691871397970723633"", ""stance"": ""BEARISH"", ""action"": ""NONE"", ""evidence"": {""quote"": ""强美元弱黄金！"", ""start"": 0, ""end"": 7, ""category"": ""OTHER"", ""summary"": ""美元走强导致黄金走弱""}}]}, {""category"": ""OTHER"", ""summary"": ""认为黄金价格将继续承压"", ""mentions"": 1, ""evidence"": [{""comment_key"": ""douyin:7691678960951182139"", ""stance"": ""BEARISH"", ""action"": ""AVOID"", ""evidence"": {""quote"": ""黄金还得被压"", ""start"": 0, ""end"": 6, ""category"": ""OTHER"", ""summary"": ""认为黄金价格将继续承压""}}]}, {""category"": ""OTHER"", ""summary"": ""认为黄金在小心前提下可长期信任"", ""mentions"": 1, ""evidence"": [{""comment_key"": ""douyin:7692416393271296831"", ""stance"": ""BULLISH"", ""action"": ""HOLD"", ""evidence"": {""quote"": ""黄金只要小心应该永远可以相信黄金"", ""start"": 22, ""end"": 38, ""category"": ""OTHER"", ""summary"": ""认为黄金在小心前提下可长期信任""}}]}, {""category"": ""OTHER"", ""summary"": ""认为黄金无法取代美元的地位"", ""mentions"": 1, ""evidence"": [{""comment_key"": ""douyin:7691837359389999931"", ""stance"": ""BEARISH"", ""action"": ""NONE"", ""evidence"": {""quote"": ""黄金永远不可能取代美元位置"", ""start"": 0, ""end"": 13, ""category"": ""OTHER"", ""summary"": ""认为黄金无法取代美元的地位""}}]}, {""category"": ""OTHER"", ""summary"": ""认为黄金的避险属性在减弱"", ""mentions"": 1, ""evidence"": [{""comment_key"": ""douyin:7691882363903476506"", ""stance"": ""BEARISH"", ""action"": ""NONE"", ""evidence"": {""quote"": ""黄金的避险属性越来越弱。"", ""start"": 0, ""end"": 12, ""category"": ""OTHER"", ""summary"": ""认为黄金的避险属性在减弱""}}]}, {""category"": ""OTHER"", ""summary"": ""认为黄金相对美元处于次要地位"", ""mentions"": 1, ""evidence"": [{""comment_key"": ""douyin:7691709991032783616"", ""stance"": ""UNKNOWN"", ""action"": ""NONE"", ""evidence"": {""quote"": ""黄金是美元的配角"", ""start"": 0, ""end"": 8, ""category"": ""OTHER"", ""summary"": ""认为黄金相对美元处于次要地位""}}]}, {""category"": ""OTHER"", ""summary"": ""评论者提出美元强势与黄金价格走势的传统负相关关系疑问"", ""mentions"": 1, ""evidence"": [{""comment_key"": ""douyin:7691700151941432064"", ""stance"": ""UNKNOWN"", ""action"": ""UNKNOWN"", ""evidence"": {""quote"": ""美元强势，黄金不是该下跌吗？"", ""start"": 0, ""end"": 14, ""category"": ""OTHER"", ""summary"": ""评论者提出美元强势与黄金价格走势的传统负相关关系疑问""}}]}, {""category"": ""OTHER"", ""summary"": ""通过做T降低持仓成本，虽然仍亏损但感觉赚了7000"", ""mentions"": 1, ""evidence"": [{""comment_key"": ""douyin:7691678312943338299"", ""stance"": ""NEUTRAL"", ""action"": ""HOLD"", ""evidence"": {""quote"": ""黄金1120被套100克，后来3000做t，每天做几波，后来太忙就没做了，现在均价1050，100克，虽然还是亏，但是感觉赚了7000"", ""start"": 85, ""end"": 152, ""category"": ""OTHER"", ""summary"": ""通过做T降低持仓成本，虽然仍亏损但感觉赚了7000""}}]}, {""category"": ""OTHER"", ""summary"": ""避险属性减弱"", ""mentions"": 1, ""evidence"": [{""comment_key"": ""douyin:7691845245718201125"", ""stance"": ""BEARISH"", ""action"": ""NONE"", ""evidence"": {""quote"": ""黄金的避险属性好像越来越弱了"", ""start"": 0, ""end"": 14, ""category"": ""OTHER"", ""summary"": ""避险属性减弱""}}]}, {""category"": ""OTHER"", ""summary"": ""金首饰是普通人拿得住且能佩戴的黄金投资方式"", ""mentions"": 1, ""evidence"": [{""comment_key"": ""douyin:7691737316448224058"", ""stance"": ""BULLISH"", ""action"": ""BUY"", ""evidence"": {""quote"": ""最好的黄金投资就是金首饰 普通人拿得住 还能佩戴"", ""start"": 42, ""end"": 66, ""category"": ""OTHER"", ""summary"": ""金首饰是普通人拿得住且能佩戴的黄金投资方式""}}]}, {""category"": ""OTHER"", ""summary"": ""长期闲置资金适合配置"", ""mentions"": 1, ""evidence"": [{""comment_key"": ""douyin:7691915628013159208"", ""stance"": ""BULLISH"", ""action"": ""BUY"", ""evidence"": {""quote"": ""如果🈶10-20年用不完的钱"", ""start"": 0, ""end"": 14, ""category"": ""OTHER"", ""summary"": ""长期闲置资金适合配置""}}]}, {""category"": ""OTHER"", ""summary"": ""黄金涨跌主要受实际利率影响"", ""mentions"": 1, ""evidence"": [{""comment_key"": ""douyin:7691725697229095729"", ""stance"": ""NEUTRAL"", ""action"": ""NONE"", ""evidence"": {""quote"": ""黄金涨跌主要影响就是和实际利率相关的"", ""start"": 0, ""end"": 18, ""category"": ""OTHER"", ""summary"": ""黄金涨跌主要受实际利率影响""}}]}, {""category"": ""POLICY"", ""summary"": ""美国因素压制黄金"", ""mentions"": 1, ""evidence"": [{""comment_key"": ""douyin:7691801196953404197"", ""stance"": ""BEARISH"", ""action"": ""NONE"", ""evidence"": {""quote"": ""老美还是困住了黄金"", ""start"": 0, ""end"": 9, ""category"": ""POLICY"", ""summary"": ""美国因素压制黄金""}}]}, {""category"": ""POLICY"", ""summary"": ""美联储加息导致黄金下跌"", ""mentions"": 1, ""evidence"": [{""comment_key"": ""douyin:7692063155321045823"", ""stance"": ""BEARISH"", ""action"": ""NONE"", ""evidence"": {""quote"": ""美联储加息黄金跌"", ""start"": 16, ""end"": 24, ""category"": ""POLICY"", ""summary"": ""美联储加息导致黄金下跌""}}]}, {""category"": ""POLICY"", ""summary"": ""预期10月加息，利空黄金"", ""mentions"": 1, ""evidence"": [{""comment_key"": ""douyin:7691870753662665521"", ""stance"": ""BEARISH"", ""action"": ""NONE"", ""evidence"": {""quote"": ""10月会加息"", ""start"": 0, ""end"": 6, ""category"": ""POLICY"", ""summary"": ""预期10月加息，利空黄金""}}]}, {""category"": ""POLICY"", ""summary"": ""黄金处于可控高位区间有利于美国套利抵债，强调可控性"", ""mentions"": 1, ""evidence"": [{""comment_key"": ""douyin:7691768289878229817"", ""stance"": ""NEUTRAL"", ""action"": ""NONE"", ""evidence"": {""quote"": ""黄金在一个可控的高位区间是有利于美国套利抵债，最重要的是可控。"", ""start"": 0, ""end"": 31, ""category"": ""POLICY"", ""summary"": ""黄金处于可控高位区间有利于美国套利抵债，强调可控性""}}]}, {""category"": ""RISK"", ""summary"": ""认为长期唱多黄金的博主误导了很多人，跟随者受损"", ""mentions"": 1, ""evidence"": [{""comment_key"": ""douyin:7691691695994880826"", ""stance"": ""BEARISH"", ""action"": ""NONE"", ""evidence"": {""quote"": ""那些唱多的博主不知道害了多少人"", ""start"": 80, ""end"": 95, ""category"": ""RISK"", ""summary"": ""认为长期唱多黄金的博主误导了很多人，跟随者受损""}}]}, {""category"": ""RISK"", ""summary"": ""避险产品容易被操控，变成风险产品"", ""mentions"": 1, ""evidence"": [{""comment_key"": ""douyin:7691666807581524790"", ""stance"": ""BEARISH"", ""action"": ""AVOID"", ""evidence"": {""quote"": ""这个避险产品太容易被操控了就变成风险产品了"", ""start"": 13, ""end"": 34, ""category"": ""RISK"", ""summary"": ""避险产品容易被操控，变成风险产品""}}]}, {""category"": ""RISK"", ""summary"": ""避险属性减弱"", ""mentions"": 1, ""evidence"": [{""comment_key"": ""douyin:7691867806145692473"", ""stance"": ""BEARISH"", ""action"": ""AVOID"", ""evidence"": {""quote"": ""黄金避险属性越来越弱"", ""start"": 0, ""end"": 10, ""category"": ""RISK"", ""summary"": ""避险属性减弱""}}]}, {""category"": ""TECHNICAL"", ""summary"": ""以去年同期870、现在仅900的价格对比，认为涨幅有限甚至可能回落到870以下"", ""mentions"": 1, ""evidence"": [{""comment_key"": ""douyin:7691691695994880826"", ""stance"": ""BEARISH"", ""action"": ""NONE"", ""evidence"": {""quote"": ""去年同期黄金870现在才900弄不好还会低于870"", ""start"": 54, ""end"": 79, ""category"": ""TECHNICAL"", ""summary"": ""以去年同期870、现在仅900的价格对比，认为涨幅有限甚至可能回落到870以下""}}]}, {""category"": ""TECHNICAL"", ""summary"": ""价格走势稳健"", ""mentions"": 1, ""evidence"": [{""comment_key"": ""douyin:7691840574455202609"", ""stance"": ""BULLISH"", ""action"": ""NONE"", ""evidence"": {""quote"": ""走势依然稳健"", ""start"": 4, ""end"": 10, ""category"": ""TECHNICAL"", ""summary"": ""价格走势稳健""}}]}, {""category"": ""TECHNICAL"", ""summary"": ""走势偏弱，以震荡为主"", ""mentions"": 1, ""evidence"": [{""comment_key"": ""douyin:7691889869136642874"", ""stance"": ""BEARISH"", ""action"": ""NONE"", ""evidence"": {""quote"": ""走势偏弱震荡为主"", ""start"": 6, ""end"": 14, ""category"": ""TECHNICAL"", ""summary"": ""走势偏弱，以震荡为主""}}]}, {""category"": ""TECHNICAL"", ""summary"": ""黄金上涨走势会慢慢回归"", ""mentions"": 1, ""evidence"": [{""comment_key"": ""douyin:7691681066185376521"", ""stance"": ""BEARISH"", ""action"": ""NONE"", ""evidence"": {""quote"": ""黄金的走高走势会慢慢回归。"", ""start"": 14, ""end"": 27, ""category"": ""TECHNICAL"", ""summary"": ""黄金上涨走势会慢慢回归""}}]}]","[""douyin:7691681066185376521"", ""douyin:7691691695994880826"", ""douyin:7691737316448224058"", ""douyin:7691662967608001337"", ""douyin:7691668424099234579""]"
"{""entity_id"": ""INDEX:纳斯达克100"", ""name"": ""纳斯达克100"", ""category"": ""INDEX"", ""ticker"": null, ""resolution"": ""RESOLVED"", ""source"": ""legacy asset_dictionary.json; manually review before expansion"", ""source_date"": ""2026-10-05"", ""dictionary_version"": ""2.0""}",21,18,1,"{""BULLISH"": 18, ""BEARISH"": 1, ""UNKNOWN"": 2}","{""BUY"": 17, ""HOLD"": 1, ""SELL"": 1, ""NONE"": 1, ""UNKNOWN"": 1}",3,,0.0,2.2513,19,0.9473684210526315,0.10526315789473684,SUFFICIENT,0.9553595290929131,"[{""category"": ""OTHER"", ""summary"": ""相信国运"", ""mentions"": 3, ""evidence"": [{""comment_key"": ""douyin:7691259600364045107"", ""stance"": ""BULLISH"", ""action"": ""BUY"", ""evidence"": {""quote"": ""相信国运"", ""start"": 0, ""end"": 4, ""category"": ""OTHER"", ""summary"": ""相信国运""}}, {""comment_key"": ""douyin:7691225658710901562"", ""stance"": ""BULLISH"", ""action"": ""BUY"", ""evidence"": {""quote"": ""相信国运"", ""start"": 0, ""end"": 4, ""category"": ""OTHER"", ""summary"": ""相信国运""}}, {""comment_key"": ""douyin:7692648946129896250"", ""stance"": ""BULLISH"", ""action"": ""BUY"", ""evidence"": {""quote"": ""相信国运"", ""start"": 0, ""end"": 4, ""category"": ""OTHER"", ""summary"": ""相信国运""}}]}, {""category"": ""POLICY"", ""summary"": ""相信国家发展前景"", ""mentions"": 1, ""evidence"": [{""comment_key"": ""douyin:7691172621681525554"", ""stance"": ""BULLISH"", ""action"": ""BUY"", ""evidence"": {""quote"": ""相信国运"", ""start"": 0, ""end"": 4, ""category"": ""POLICY"", ""summary"": ""相信国家发展前景""}}]}]","[""douyin:7692648946129896250"", ""douyin:7691172621681525554"", ""douyin:7691225658710901562"", ""douyin:7691259600364045107"", ""douyin:7692076022611559217""]"
"{""entity_id"": ""ASSET:美股市场"", ""name"": ""美股市场"", ""category"": ""ASSET"", ""ticker"": null, ""resolution"": ""RESOLVED"", ""source"": ""legacy asset_dictionary.json; manually review before expansion"", ""source_date"": ""2026-10-05"", ""dictionary_version"": ""2.0""}",13,7,2,"{""BULLISH"": 7, ""UNKNOWN"": 3, ""BEARISH"": 2, ""NEUTRAL"": 1}","{""BUY"": 6, ""NONE"": 2, ""UNKNOWN"": 2, ""AVOID"": 2, ""WATCH"": 1}",3,,0.0,0.9808,9,0.7777777777777778,0.4444444444444444,INSUFFICIENT,0.76550552279764,"[{""category"": ""OTHER"", ""summary"": ""认为美股是正规市场"", ""mentions"": 1, ""evidence"": [{""comment_key"": ""douyin:7692474370229355313"", ""stance"": ""BULLISH"", ""action"": ""BUY"", ""evidence"": {""quote"": ""正规市场"", ""start"": 2, ""end"": 6, ""category"": ""OTHER"", ""summary"": ""认为美股是正规市场""}}]}, {""category"": ""POLICY"", ""summary"": ""加息会导致美股承压"", ""mentions"": 1, ""evidence"": [{""comment_key"": ""douyin:7691677819303363382"", ""stance"": ""BEARISH"", ""action"": ""AVOID"", ""evidence"": {""quote"": ""再加息美股肯定承压"", ""start"": 18, ""end"": 27, ""category"": ""POLICY"", ""summary"": ""加息会导致美股承压""}}]}, {""category"": ""VALUATION"", ""summary"": ""认为美股存在价值"", ""mentions"": 1, ""evidence"": [{""comment_key"": ""douyin:7691686199413703450"", ""stance"": ""BULLISH"", ""action"": ""BUY"", ""evidence"": {""quote"": ""去价值存在的地方"", ""start"": 7, ""end"": 15, ""category"": ""VALUATION"", ""summary"": ""认为美股存在价值""}}]}]","[""douyin:7692474370229355313"", ""douyin:7691677819303363382"", ""douyin:7691686199413703450"", ""douyin:7691660976857613098"", ""douyin:7692329293703447332""]"
"{""entity_id"": ""INDEX:大盘"", ""name"": ""大盘"", ""category"": ""INDEX"", ""ticker"": null, ""resolution"": ""RESOLVED"", ""source"": ""legacy asset_dictionary.json; manually review before expansion"", ""source_date"": ""2026-10-05"", ""dictionary_version"": ""2.0""}",7,4,0,"{""BULLISH"": 3, ""NEUTRAL"": 1, ""BEARISH"": 2, ""UNKNOWN"": 1}","{""BUY"": 3, ""HOLD"": 1, ""WAIT"": 3}",3,,0.0,0.2877,5,0.6,0.8,INSUFFICIENT,0.705525496145505,"[{""category"": ""RISK"", ""summary"": ""预期危机导致大盘暴跌"", ""mentions"": 1, ""evidence"": [{""comment_key"": ""douyin:7691772472072586021"", ""stance"": ""BEARISH"", ""action"": ""WAIT"", ""evidence"": {""quote"": ""等危机暴跌吧"", ""start"": 0, ""end"": 6, ""category"": ""RISK"", ""summary"": ""预期危机导致大盘暴跌""}}]}, {""category"": ""TECHNICAL"", ""summary"": ""大盘跌到极点后反弹时买入容易获利"", ""mentions"": 1, ""evidence"": [{""comment_key"": ""douyin:7692273629208478523"", ""stance"": ""BULLISH"", ""action"": ""BUY"", ""evidence"": {""quote"": ""大盘跌到极点，反弹的时候，你闭眼买都挣钱"", ""start"": 3, ""end"": 23, ""category"": ""TECHNICAL"", ""summary"": ""大盘跌到极点后反弹时买入容易获利""}}]}]","[""douyin:7692273629208478523"", ""douyin:7691772472072586021"", ""douyin:7692354185416721210"", ""douyin:7691983129536152370"", ""douyin:7691162828535202575""]"
"{""entity_id"": ""ASSET:原油"", ""name"": ""原油"", ""category"": ""ASSET"", ""ticker"": null, ""resolution"": ""RESOLVED"", ""source"": ""legacy asset_dictionary.json; manually review before expansion"", ""source_date"": ""2026-10-05"", ""dictionary_version"": ""2.0""}",5,1,0,"{""BULLISH"": 2, ""UNKNOWN"": 3}","{""BUY"": 1, ""UNKNOWN"": 3, ""NONE"": 1}",1,,0.0,1.0986,2,1.0,0.0,INSUFFICIENT,1.0,[],"[""douyin:7692917598178902793"", ""douyin:7691669137521296162"", ""douyin:7691695282535154467"", ""douyin:7691748284360819456"", ""douyin:7691976219328004898""]"
"{""entity_id"": ""SECTOR:银行板块"", ""name"": ""银行板块"", ""category"": ""SECTOR"", ""ticker"": null, ""resolution"": ""RESOLVED"", ""source"": ""legacy asset_dictionary.json; manually review before expansion"", ""source_date"": ""2026-10-05"", ""dictionary_version"": ""2.0""}",3,3,0,"{""BULLISH"": 3}","{""BUY"": 3}",1,,0.0,1.3863,3,1.0,0.0,INSUFFICIENT,1.0,"[{""category"": ""DIVIDEND"", ""summary"": ""银行股每年分红"", ""mentions"": 1, ""evidence"": [{""comment_key"": ""douyin:7691147384751768369"", ""stance"": ""BULLISH"", ""action"": ""BUY"", ""evidence"": {""quote"": ""每年还能分红"", ""start"": 34, ""end"": 40, ""category"": ""DIVIDEND"", ""summary"": ""银行股每年分红""}}]}, {""category"": ""RISK"", ""summary"": ""大盘下跌时银行股有护盘作用"", ""mentions"": 1, ""evidence"": [{""comment_key"": ""douyin:7691147384751768369"", ""stance"": ""BULLISH"", ""action"": ""BUY"", ""evidence"": {""quote"": ""大盘下落时，它还有护盘作用"", ""start"": 45, ""end"": 58, ""category"": ""RISK"", ""summary"": ""大盘下跌时银行股有护盘作用""}}]}]","[""douyin:7691147384751768369"", ""douyin:7691167597577044785"", ""douyin:7691336876501779219""]"
"{""entity_id"": ""ASSET:白银"", ""name"": ""白银"", ""category"": ""ASSET"", ""ticker"": null, ""resolution"": ""RESOLVED"", ""source"": ""legacy asset_dictionary.json; manually review before expansion"", ""source_date"": ""2026-10-05"", ""dictionary_version"": ""2.0""}",2,0,0,"{""UNKNOWN"": 1, ""BEARISH"": 1}","{""UNKNOWN"": 1, ""NONE"": 1}",2,,0.0,'-0.6931,1,0.0,0.0,INSUFFICIENT,0.0,[],"[""douyin:7691216534760915771"", ""douyin:7691669612064211771""]"
"{""entity_id"": ""INDEX:标普500"", ""name"": ""标普500"", ""category"": ""INDEX"", ""ticker"": null, ""resolution"": ""RESOLVED"", ""source"": ""legacy asset_dictionary.json; manually review before expansion"", ""source_date"": ""2026-10-05"", ""dictionary_version"": ""2.0""}",2,2,0,"{""BULLISH"": 2}","{""BUY"": 2}",1,,0.0,1.0986,2,1.0,0.0,INSUFFICIENT,1.0,[],"[""douyin:7691686435784557370"", ""douyin:7691824407174038331""]"
"{""entity_id"": ""ASSET:橡胶"", ""name"": ""橡胶"", ""category"": ""ASSET"", ""ticker"": null, ""resolution"": ""RESOLVED"", ""source"": ""legacy asset_dictionary.json; manually review before expansion"", ""source_date"": ""2026-10-05"", ""dictionary_version"": ""2.0""}",1,1,0,"{""BULLISH"": 1}","{""BUY"": 1}",1,,0.0,0.6931,1,1.0,0.0,INSUFFICIENT,1.0,"[{""category"": ""TECHNICAL"", ""summary"": ""价格跌不动，视为买入依据"", ""mentions"": 1, ""evidence"": [{""comment_key"": ""douyin:7691216534760915771"", ""stance"": ""BULLISH"", ""action"": ""BUY"", ""evidence"": {""quote"": ""昨天就跌不动了"", ""start"": 42, ""end"": 49, ""category"": ""TECHNICAL"", ""summary"": ""价格跌不动，视为买入依据""}}]}]","[""douyin:7691216534760915771""]"
"{""entity_id"": ""ETF:QQQ"", ""name"": ""QQQ"", ""category"": ""ETF"", ""ticker"": null, ""resolution"": ""RESOLVED"", ""source"": ""reviewed lexical concept; security code unverified"", ""source_date"": ""2026-10-05"", ""dictionary_version"": ""2.0""}",1,1,0,"{""UNKNOWN"": 1}","{""BUY"": 1}",1,,0.0,0.0,0,,,INSUFFICIENT,,[],"[""douyin:7691155947669963555""]"
"{""entity_id"": ""SECTOR:半导体芯片"", ""name"": ""半导体芯片"", ""category"": ""SECTOR"", ""ticker"": null, ""resolution"": ""RESOLVED"", ""source"": ""legacy asset_dictionary.json; manually review before expansion"", ""source_date"": ""2026-10-05"", ""dictionary_version"": ""2.0""}",1,0,0,"{""UNKNOWN"": 1}","{""UNKNOWN"": 1}",1,,0.0,0.0,0,,,INSUFFICIENT,,[],"[""douyin:7691872969366324014""]"
"{""entity_id"": ""STOCK:寒武纪"", ""name"": ""寒武纪"", ""category"": ""STOCK"", ""ticker"": ""688256.SH"", ""resolution"": ""RESOLVED"", ""source"": ""legacy asset_dictionary.json; manually review before expansion"", ""source_date"": ""2026-10-05"", ""dictionary_version"": ""2.0""}",1,1,0,"{""BULLISH"": 1}","{""BUY"": 1}",1,,0.0,0.6931,1,1.0,0.0,INSUFFICIENT,1.0,[],"[""douyin:7691239217024074553""]"
"{""entity_id"": ""STOCK:深物业A"", ""name"": ""深物业A"", ""category"": ""STOCK"", ""ticker"": ""000011.SZ"", ""resolution"": ""RESOLVED"", ""source"": ""legacy asset_dictionary.json; manually review before expansion"", ""source_date"": ""2026-10-05"", ""dictionary_version"": ""2.0""}",1,0,1,"{""BEARISH"": 1}","{""AVOID"": 1}",1,,0.0,'-0.6931,1,0.0,0.0,INSUFFICIENT,0.0,"[{""category"": ""FLOW"", ""summary"": ""盘中翘板可能是出货，不应跟随"", ""mentions"": 1, ""evidence"": [{""comment_key"": ""douyin:7691749648297935675"", ""stance"": ""BEARISH"", ""action"": ""AVOID"", ""evidence"": {""quote"": ""就算盘中翘板，大概率也是为了出货，懂的人根本不会跟"", ""start"": 103, ""end"": 128, ""category"": ""FLOW"", ""summary"": ""盘中翘板可能是出货，不应跟随""}}]}, {""category"": ""POLICY"", ""summary"": ""房地产消息不及预期，资金次日抢跑"", ""mentions"": 1, ""evidence"": [{""comment_key"": ""douyin:7691749648297935675"", ""stance"": ""BEARISH"", ""action"": ""AVOID"", ""evidence"": {""quote"": ""前一晚房地产消息出来了，不及预期，资金第二天肯定抢跑的"", ""start"": 38, ""end"": 65, ""category"": ""POLICY"", ""summary"": ""房地产消息不及预期，资金次日抢跑""}}]}, {""category"": ""TECHNICAL"", ""summary"": ""开盘房地产板块跌停，买入即接盘"", ""mentions"": 1, ""evidence"": [{""comment_key"": ""douyin:7691749648297935675"", ""stance"": ""BEARISH"", ""action"": ""AVOID"", ""evidence"": {""quote"": ""当天开盘房地产相关的全部杀到跌停，大批跌停的地方，买是去接盘的"", ""start"": 66, ""end"": 97, ""category"": ""TECHNICAL"", ""summary"": ""开盘房地产板块跌停，买入即接盘""}}]}]","[""douyin:7691749648297935675""]"
"{""entity_id"": ""STOCK:雪龙集团"", ""name"": ""雪龙集团"", ""category"": ""STOCK"", ""ticker"": ""603949.SH"", ""resolution"": ""RESOLVED"", ""source"": ""legacy asset_dictionary.json; manually review before expansion"", ""source_date"": ""2026-10-05"", ""dictionary_version"": ""2.0""}",1,0,0,"{""BEARISH"": 1}","{""NONE"": 1}",1,,0.0,'-0.6931,1,0.0,0.0,INSUFFICIENT,0.0,"[{""category"": ""TECHNICAL"", ""summary"": ""雪龙走势代表常态，暗示深物业A是例外"", ""mentions"": 1, ""evidence"": [{""comment_key"": ""douyin:7691749648297935675"", ""stance"": ""BEARISH"", ""action"": ""NONE"", ""evidence"": {""quote"": ""雪龙的走势才是常态"", ""start"": 185, ""end"": 194, ""category"": ""TECHNICAL"", ""summary"": ""雪龙走势代表常态，暗示深物业A是例外""}}]}]","[""douyin:7691749648297935675""]"
